{"cameraMode":{"drawMode":0,"name":"Shaded","section":"Shading Mode"},"sceneLighting":true,"audioPlay":false,"sceneViewState":{"m_AlwaysRefresh":false,"showFog":true,"showSkybox":true,"showFlares":true,"showImageEffects":true,"showParticleSystems":true,"showVisualEffectGraphs":true,"m_FxEnabled":true},"in2DMode":false,"pivot":{"x":114.96554565429688,"y":1340.6397705078125,"z":357.66656494140627},"rotation":{"x":0.09128005802631378,"y":-0.4659130871295929,"z":0.04839520528912544,"w":0.8787823915481567},"size":792.4699096679688,"orthographic":false}